Comment,Description,Quantity,SKU,Designator
,,,,
100k,100k 1% 100mW 0603,1,RES-171,R15
100k,100k 1% 100mW 0603,1,RES-171,R16
100k,100k 1% 100mW 0603,1,RES-171,R19
10u,10u 10v 20% X5R 0603,1,CAP-573,C15
10u,10u 10v 20% X5R 0603,1,CAP-573,C7
10u,10u 10v 20% X5R 0603,1,CAP-573,C9
100p,100p 50v 5% COG 0603,1,CAP-84,C1
100p,100p 50v 5% COG 0603,1,CAP-84,C16
100p,100p 50v 5% COG 0603,1,CAP-84,C2